stop_id,destination_stop_id,first_departure_time,last_departure_time,last_departure_day_offset,source_issue
BL01,BL23,06:00,00:00,1,
BL02,BL01,06:00,01:12,1,
BL02,BL23,06:03,00:03,1,
BL03,BL01,06:05,01:10,1,
BL03,BL23,06:05,00:05,1,
BL04,BL01,06:03,01:08,1,
BL04,BL23,06:07,00:07,1,
BL05,BL01,06:00,01:05,1,
BL05,BL23,06:00,00:10,1,
BL06,BL01,06:05,01:03,1,
BL06,BL23,06:02,00:12,1,
BL07,BL01,06:04,01:01,1,
BL07,BL23,06:03,00:36,1,
BL08,BL01,06:02,00:59,1,
BL08,BL23,06:00,00:39,1,
BL09,BL01,06:00,00:58,1,
BL09,BL23,06:02,00:40,1,
BL10,BL01,06:05,00:54,1,
BL10,BL23,06:05,00:44,1,
BL11,BL01,06:03,00:52,1,
BL11,BL23,06:08,00:46,1,
BL12,BL01,06:00,00:49,1,
BL12,BL23,06:00,00:49,1,
BL13,BL01,06:07,00:48,1,
BL13,BL23,06:02,00:50,1,
BL14,BL01,06:05,00:46,1,
BL14,BL23,06:04,00:52,1,
BL15,BL01,06:03,00:44,1,
BL15,BL23,06:00,00:54,1,
BL16,BL01,06:02,00:24,1,
BL16,BL23,06:01,00:56,1,
BL17,BL01,06:00,00:22,1,
BL17,BL23,06:03,00:57,1,
BL18,BL01,06:03,00:21,1,
BL18,BL23,06:00,00:59,1,
BL19,BL01,06:02,00:19,1,
BL19,BL23,06:02,01:01,1,
BL20,BL01,06:00,00:17,1,
BL20,BL23,06:04,01:03,1,
BL21,BL01,06:04,00:15,1,
BL21,BL23,06:06,01:05,1,
BL22,BL01,06:02,00:12,1,
BL22,BL23,06:00,01:07,1,
BL23,BL01,06:00,00:00,1,
BR01,BR24,06:00,00:00,1,
BR02,BR01,06:05,00:53,1,
BR02,BR24,06:01,00:01,1,
BR03,BR01,06:04,00:52,1,
BR03,BR24,06:02,00:02,1,
BR04,BR01,06:02,00:49,1,
BR04,BR24,06:04,00:05,1,
BR05,BR01,06:00,00:47,1,
BR05,BR24,06:00,00:07,1,
BR06,BR01,06:04,00:44,1,
BR06,BR24,06:02,00:10,1,
BR07,BR01,06:02,00:42,1,
BR07,BR24,06:04,00:12,1,
BR08,BR01,06:00,00:39,1,
BR08,BR24,06:00,00:15,1,
BR09,BR01,06:05,00:37,1,
BR09,BR24,06:01,00:33,1,
BR10,BR01,06:03,00:35,1,
BR10,BR24,06:03,00:35,1,
BR11,BR01,06:01,00:32,1,
BR11,BR24,06:05,00:38,1,
BR12,BR01,06:00,00:30,1,
BR12,BR24,06:00,00:40,1,
BR13,BR01,06:03,00:27,1,
BR13,BR24,06:03,00:43,1,
BR14,BR01,06:00,00:23,1,
BR14,BR24,06:00,00:46,1,
BR15,BR01,06:03,00:20,1,
BR15,BR24,06:02,00:49,1,
BR16,BR01,06:01,00:18,1,
BR16,BR24,06:04,00:52,1,
BR17,BR01,06:00,00:15,1,
BR17,BR24,06:00,00:54,1,
BR18,BR01,06:05,00:13,1,
BR18,BR24,06:01,00:56,1,
BR19,BR01,06:04,00:11,1,
BR19,BR24,06:03,00:58,1,
BR20,BR01,06:02,00:09,1,
BR20,BR24,06:04,01:00,1,
BR21,BR01,06:00,00:05,1,
BR21,BR24,06:00,01:03,1,
BR22,BR01,06:03,00:03,1,
BR22,BR24,06:01,01:05,1,
BR23,BR01,06:01,00:01,1,
BR23,BR24,06:03,01:07,1,
BR24,BR01,06:00,00:00,1,
G01,G19,06:00,00:00,1,
G02,G01,06:02,01:09,1,
G02,G19,06:02,00:02,1,
G03,G01,06:00,01:07,1,
G03,G03,06:03,23:57,0,origin_equals_destination
G03,G19,06:03,00:03,1,
G03A,G03A,06:11,00:09,1,origin_equals_destination
G04,G01,06:08,01:06,1,
G04,G19,06:00,00:11,1,
G05,G01,06:06,01:04,1,
G05,G19,06:02,00:13,1,
G06,G01,06:04,01:02,1,
G06,G19,06:04,00:15,1,
G07,G01,06:02,00:59,1,
G07,G19,06:00,00:18,1,
G08,G01,06:00,00:58,1,
G08,G19,06:02,00:20,1,
G09,G01,06:05,00:56,1,
G09,G19,06:04,00:21,1,
G10,G01,06:03,00:54,1,
G10,G19,06:00,00:23,1,
G11,G01,06:02,00:52,1,
G11,G19,06:02,00:25,1,
G12,G01,06:00,00:50,1,
G12,G19,06:04,00:27,1,
G13,G01,06:02,00:48,1,
G13,G19,06:00,00:44,1,
G14,G01,06:00,00:46,1,
G14,G19,06:02,00:46,1,
G15,G01,06:02,00:44,1,
G15,G19,06:05,00:48,1,
G16,G01,06:00,00:42,1,
G16,G19,06:00,00:50,1,
G17,G01,06:05,00:05,1,
G17,G19,06:02,00:52,1,
G18,G01,06:03,00:03,1,
G18,G19,06:05,00:54,1,
G19,G01,06:00,00:00,1,
O01,O21,06:00,00:00,1,
O01,O54,06:04,00:04,1,
O02,O01,06:01,01:05,1,
O02,O21,06:01,00:10,1,
O02,O54,06:05,00:06,1,
O03,O01,06:00,01:04,1,
O03,O21,06:03,00:12,1,
O03,O54,06:00,00:08,1,
O04,O01,06:03,01:02,1,
O04,O21,06:05,00:15,1,
O04,O54,06:02,00:10,1,
O05,O01,06:00,00:58,1,
O05,O21,06:00,00:33,1,
O05,O54,06:06,00:29,1,
O06,O01,06:03,00:54,1,
O06,O21,06:03,00:36,1,
O06,O54,06:09,00:32,1,
O07,O01,06:00,00:52,1,
O07,O21,06:06,00:39,1,
O07,O54,06:00,00:35,1,
O08,O01,06:03,00:50,1,
O08,O21,06:08,00:41,1,
O08,O54,06:02,00:38,1,
O09,O01,06:01,00:48,1,
O09,O21,06:00,00:43,1,
O09,O54,06:04,00:40,1,
O10,O01,06:00,00:46,1,
O10,O21,06:02,00:45,1,
O10,O54,06:06,00:42,1,
O11,O01,06:01,00:44,1,
O11,O21,06:04,00:47,1,
O11,O54,06:00,00:44,1,
O12,O01,06:00,00:29,1,
O12,O21,06:06,00:48,1,
O12,O54,06:02,00:45,1,
O13,O01,06:06,00:27,1,
O13,O21,06:08,00:51,1,
O14,O01,06:04,00:25,1,
O14,O21,06:00,00:53,1,
O15,O01,06:02,00:23,1,
O15,O21,06:02,00:55,1,
O16,O01,06:00,00:20,1,
O16,O21,06:04,00:57,1,
O17,O01,06:04,00:17,1,
O17,O21,06:07,00:59,1,
O18,O01,06:03,00:08,1,
O18,O21,06:00,01:01,1,
O19,O01,06:00,00:05,1,
O19,O21,06:03,01:04,1,
O20,O01,06:03,00:03,1,
O20,O21,06:00,01:06,1,
O21,O01,06:00,00:00,1,
O50,O01,06:02,00:09,1,
O50,O54,06:05,00:48,1,
O51,O01,06:00,00:07,1,
O51,O54,06:07,00:50,1,
O52,O01,06:04,00:05,1,
O52,O54,06:00,00:52,1,
O53,O01,06:02,00:03,1,
O53,O54,06:02,00:54,1,
O54,O01,06:00,00:00,1,
R01,R28,06:00,00:00,1,
R02,R01,06:05,01:01,1,
R02,R28,06:03,00:03,1,
R03,R01,06:04,00:59,1,
R03,R28,06:05,00:05,1,
R04,R01,06:02,00:57,1,
R04,R28,06:07,00:07,1,
R05,R01,06:00,00:55,1,
R05,R28,06:00,00:25,1,
R06,R01,06:08,00:54,1,
R06,R28,06:01,00:27,1,
R07,R01,06:06,00:52,1,
R07,R28,06:03,00:28,1,
R08,R01,06:03,00:48,1,
R08,R28,06:06,00:32,1,
R09,R01,06:01,00:46,1,
R09,R28,06:08,00:34,1,
R10,R01,06:00,00:45,1,
R10,R28,06:00,00:36,1,
R11,R01,06:03,00:43,1,
R11,R28,06:02,00:38,1,
R12,R01,06:01,00:41,1,
R12,R28,06:03,00:40,1,
R13,R01,06:00,00:40,1,
R13,R28,06:05,00:41,1,
R14,R01,06:03,00:37,1,
R14,R28,06:07,00:44,1,
R15,R01,06:00,00:33,1,
R15,R28,06:00,00:47,1,
R16,R01,06:05,00:30,1,
R16,R28,06:02,00:49,1,
R17,R01,06:03,00:28,1,
R17,R28,06:04,00:52,1,
R18,R01,06:01,00:26,1,
R18,R28,06:05,00:54,1,
R19,R01,06:00,00:24,1,
R19,R28,06:07,00:55,1,
R20,R01,06:00,00:21,1,
R20,R28,06:00,00:59,1,
R21,R01,06:02,00:19,1,
R21,R28,06:02,01:00,1,
R22,R01,06:00,00:17,1,
R22,R22A,06:00,00:12,1,
R22,R28,06:03,01:02,1,
R22A,R22,06:05,00:02,1,
R23,R01,06:02,00:13,1,
R23,R28,06:06,01:06,1,
R24,R01,06:00,00:11,1,
R24,R28,06:02,01:08,1,
R25,R01,06:08,00:09,1,
R25,R28,06:04,01:10,1,
R26,R01,06:05,00:06,1,
R26,R28,06:07,01:13,1,
R27,R01,06:03,00:03,1,
R27,R28,06:00,01:17,1,
R28,R01,06:00,00:00,1,
